{"cameraMode":{"drawMode":0,"name":"Shaded","section":"Shading Mode"},"sceneLighting":true,"audioPlay":false,"sceneViewState":{"showFog":true,"showMaterialUpdate":false,"showSkybox":true,"showFlares":true,"showImageEffects":true,"showParticleSystems":true},"in2DMode":false,"pivot":{"x":79.9572982788086,"y":23.747751235961915,"z":57.695865631103519},"rotation":{"x":0.0359632633626461,"y":-0.9413233399391174,"z":0.10634797811508179,"w":0.3183201253414154},"size":1.8760199546813965,"orthographic":false}